{"cameraMode":{"drawMode":0,"name":"Shaded","section":"Shading Mode"},"sceneLighting":true,"audioPlay":false,"sceneViewState":{"showFog":true,"showMaterialUpdate":false,"showSkybox":true,"showFlares":true,"showImageEffects":true,"showParticleSystems":true},"in2DMode":false,"pivot":{"x":824.69677734375,"y":343.2861022949219,"z":-45.98108673095703},"rotation":{"x":-0.09611418098211289,"y":0.02776999957859516,"z":-0.0026939641684293749,"w":-0.9949948191642761},"size":230.98500061035157,"orthographic":false}