{"cameraMode":{"drawMode":0,"name":"Shaded","section":"Shading Mode"},"sceneLighting":false,"audioPlay":false,"sceneViewState":{"showFog":true,"showMaterialUpdate":false,"showSkybox":false,"showFlares":true,"showImageEffects":true,"showParticleSystems":true},"in2DMode":false,"pivot":{"x":-2.9593071937561037,"y":-1.3117467164993287,"z":4.616654396057129},"rotation":{"x":0.4503614902496338,"y":-0.2952847480773926,"z":0.16078437864780427,"w":0.8271371126174927},"size":5.028781890869141,"orthographic":false}