{"cameraMode":{"drawMode":0,"name":"Shaded","section":"Shading Mode"},"sceneLighting":false,"audioPlay":false,"sceneViewState":{"showFog":true,"showMaterialUpdate":false,"showSkybox":false,"showFlares":true,"showImageEffects":true,"showParticleSystems":true},"in2DMode":false,"pivot":{"x":2.0774154663085939,"y":2.1399857997894289,"z":9.585955619812012},"rotation":{"x":-0.13857950270175935,"y":-0.7108704447746277,"z":0.14616332948207856,"w":-0.6738873720169067},"size":6.012294769287109,"orthographic":false}